0,Mieszkalny,Palestine,Koszalin,Niepodległości,25,23
1,Mieszkalny,Iceland,Gdynia,Odrzańska,34,46
2,Mieszkalny,Nepal,Jastrzębie-Zdrój,Szymanowskiego,94,29
3,Firmowy,Comoros,Wałcz,Szymanowskiego,56/83,100
4,Firmowy,Iceland,Wołomin,Kaliska,64/29,26
5,Firmowy,Indonesia,Sosnowiec,Lipowa,81,32
6,Firmowy,Pakistan,Ruda Śląska,Rumiankowa,098,88
7,Mieszkalny,Comoros,Cieszyn,Sienkiewicza,156,19
8,Mieszkalny,Afghanistan,Żory,Miłosza,33,47
9,Mieszkalny,Jordan,Starachowice,Dojazdowa,940,27
10,Mieszkalny,Saint Kitts and Nevis,Krotoszyn,Słonecznikowa,82/81,32
11,Mieszkalny,Chile,Toruń,Kraszewskiego,298,49
12,Firmowy,Italy,Płońsk,Narcyzowa,84/33,31
13,Mieszkalny,Saudi Arabia,Sieradz,Kasprowicza,27/06,26
14,Firmowy,Benin,Elbląg,Wierzbowa,92/49,29
15,Mieszkalny,East Timor,Nowy Sącz,Krokusowa,855,45
16,Firmowy,Ukraine,Przemyśl,Nadbrzeżna,50,32
17,Mieszkalny,South Korea,Szczytno,Rubinowa,65/61,31
18,Mieszkalny,Uzbekistan,Gniezno,Kościuszki,65/12,75
19,Firmowy,Mali,Pabianice,Łąkowa,49/25,13
20,Firmowy,Qatar,Chełm,Gdańska,09,90
21,Firmowy,CÃ´te d'Ivoire,Ostrów Wielkopolski,Glówna,72/67,78
22,Firmowy,Sierra Leone,Chorzów,Matejki,35,51
23,Mieszkalny,Namibia,Legnica,Krasickiego,320,95
24,Firmowy,Lesotho,Wodzisław Śląski,Władysława Jagiełły,972,70
25,Firmowy,Mexico,Przemyśl,Irysowa,108,53
26,Mieszkalny,Cambodia,Oleśnica,Krzywa,05/14,54
27,Firmowy,Greece,Koszalin,Rzemieślnicza,56,75
28,Mieszkalny,Myanmar,Ząbki,Szkolna,920,46
29,Mieszkalny,Switzerland,Legnica,Podleśna,93/56,55
30,Firmowy,Antigua and Barbuda,Skierniewice,Zachodnia,94/79,73
31,Mieszkalny,Mauritania,Bolesławiec,Słonecznikowa,99,43
32,Mieszkalny,Japan,Rumia,Rolna,98/19,78
33,Mieszkalny,North Macedonia,Wągrowiec,Asnyka,66/37,65
34,Firmowy,Marshall Islands,Tarnowskie Góry,Sokola,460,39
35,Mieszkalny,Saint Lucia,Rzeszów,Kasprowicza,40/14,90
36,Firmowy,United Kingdom,Skawina,Źródlana,20,12
37,Mieszkalny,Azerbaijan,Bochnia,Klonowa,939,47
38,Mieszkalny,Mozambique,Dąbrowa Górnicza,Bukowa,13,9
39,Mieszkalny,Republic of Ireland,Wieluń,Opolska,438,21
40,Mieszkalny,Vanuatu,Dąbrowa Górnicza,Daszyńskiego,77,50
41,Firmowy,Armenia,Swarzędz,Kosynierów,599,81
42,Firmowy,Ghana,Tomaszów Mazowiecki,Jasna,857,48
43,Mieszkalny,Zambia,Kwidzyn,Średnia,46,52
44,Mieszkalny,Solomon Islands,Otwock,Długa,28/74,79
45,Mieszkalny,Morocco,Polkowice,Wiślana,08,67
46,Mieszkalny,Singapore,Nysa,Zakole,001,27
47,Firmowy,Papua New Guinea,Starachowice,Koralowa,183,80
48,Mieszkalny,Ethiopia,Mława,Chełmońskiego,14/89,30
49,Firmowy,Ukraine,Piaseczno,Kosynierów,972,56
50,Firmowy,Paraguay,Sopot,Jasna,89,67
51,Mieszkalny,Syria,Warszawa,Storczykowa,70,67
52,Mieszkalny,Syria,Wałcz,Rynek,428,33
53,Mieszkalny,Central African Republic,Radomsko,Truskawkowa,69,14
54,Mieszkalny,Tuvalu,Sanok,Strzelecka,327,65
55,Firmowy,Vatican City,Kielce,Okrzei,16/53,81
56,Firmowy,Israel,Olsztyn,Wąska,65,81
57,Firmowy,Tanzania,Tarnobrzeg,Reymonta,01/88,95
58,Mieszkalny,Central African Republic,Piła,Kielecka,25/15,3
59,Firmowy,Burundi,Wejherowo,Rolnicza,00/03,13
60,Firmowy,Dominican Republic,Legnica,Poziomkowa,93,28
61,Firmowy,Nigeria,Dzierżoniów,Tulipanowa,148,78
62,Mieszkalny,Armenia,Kętrzyn,Świerczewskiego,24,47
63,Mieszkalny,Palau,Zakopane,Zbożowa,53/82,65
64,Mieszkalny,Saudi Arabia,Bielawa,Miodowa,36,43
65,Firmowy,Iceland,Kwidzyn,Grottgera,266,14
66,Mieszkalny,Iceland,Koszalin,Jaśminowa,70/72,67
67,Firmowy,Finland,Otwock,Drzymały,24/48,22
68,Mieszkalny,Brazil,Toruń,Rybacka,527,75
69,Firmowy,Bahamas,Częstochowa,Norwida,29,59
70,Mieszkalny,Denmark,Chrzanów,Prosta,49/55,70
71,Firmowy,Malta,Sandomierz,Stawowa,33,65
72,Mieszkalny,Montenegro,Swarzędz,Poznańska,004,80
73,Mieszkalny,Djibouti,Inowrocław,Chełmońskiego,87,47
74,Firmowy,Bhutan,Opole,Owocowa,93/93,74
75,Firmowy,Finland,Tarnobrzeg,Orkana,14/45,64
76,Mieszkalny,Kingdom of the Netherlands,Wołomin,Środkowa,93/64,64
77,Mieszkalny,The Gambia,Reda,Chabrowa,687,67
78,Mieszkalny,Bolivia,Bolesławiec,Spokojna,09/26,42
79,Mieszkalny,Guinea,Płońsk,Miła,31/92,33
80,Mieszkalny,Bulgaria,Legnica,Letniskowa,25,25
81,Firmowy,Dominican Republic,Bochnia,Szarych Szeregów,35,35
82,Firmowy,Saint Lucia,Łaziska Górne,Poziomkowa,679,86
83,Mieszkalny,Hungary,Biała Podlaska,Wodna,03/75,84
84,Mieszkalny,Solomon Islands,Białogard,Podmiejska,07,23
85,Firmowy,Trinidad and Tobago,Wałbrzych,Zaciszna,589,60
86,Firmowy,Kiribati,Racibórz,Porzeczkowa,60,89
87,Mieszkalny,People's Republic of China,Kluczbork,Sowia,42/00,87
88,Firmowy,Honduras,Starachowice,Agrestowa,643,91
89,Mieszkalny,Rwanda,Kętrzyn,Plater,01/20,5
90,Mieszkalny,Qatar,Zamość,Lubelska,94,39
91,Firmowy,Switzerland,Poznań,Kusocińskiego,147,9
92,Mieszkalny,Liberia,Bochnia,Moniuszki,309,59
93,Mieszkalny,Libya,Sochaczew,Królewska,551,45
94,Mieszkalny,Bahamas,Inowrocław,Zwycięstwa,56/04,90
95,Mieszkalny,Trinidad and Tobago,Toruń,Matejki,98,70
96,Firmowy,Ukraine,Lubliniec,Rataja,64,25
97,Mieszkalny,Grenada,Lubliniec,Listopada,39,52
98,Mieszkalny,Japan,Krosno,Rózana,68,32
99,Mieszkalny,United Arab Emirates,Włocławek,Rejtana,40/06,59
100,Mieszkalny,Ghana,Nowy Targ,Widokowa,30/13,10
101,Firmowy,Trinidad and Tobago,Kutno,Jodłowa,11/66,82
102,Firmowy,Kiribati,Polkowice,Browarna,81,95
103,Firmowy,Yemen,Kościerzyna,Klonowa,16/60,4
104,Firmowy,Democratic Republic of the Congo,Kędzierzyn-Koźle,Koralowa,03,43
105,Firmowy,Bulgaria,Luboń,Lubelska,20,63
106,Mieszkalny,Lesotho,Tarnowskie Góry,Klonowa,300,87
107,Mieszkalny,Afghanistan,Olkusz,Konopnickiej,951,46
108,Firmowy,Liberia,Brzeg,Tartaczna,48,6
109,Mieszkalny,Barbados,Mielec,Wiosenna,80,52
110,Firmowy,Cape Verde,Opole,Grunwaldzka,196,58
111,Firmowy,Afghanistan,Kluczbork,Kochanowskiego,62,69
112,Firmowy,Austria,Nowy Targ,Piaskowa,47,29
113,Mieszkalny,Uganda,Tychy,Tysiąclecia,050,97
114,Mieszkalny,Mexico,Bielawa,Dworska,58/35,5
115,Firmowy,Myanmar,Marki,Sawickiej,893,41
116,Firmowy,Costa Rica,Szczytno,Krańcowa,87/53,86
117,Firmowy,Uruguay,Wołomin,Średnia,02,66
118,Firmowy,Suriname,Piekary Śląskie,Górska,51/38,44
119,Mieszkalny,Sierra Leone,Biała Podlaska,Skośna,267,26
120,Firmowy,Somalia,Czerwionka-Leszczyny,Konwaliowa,71,24
121,Firmowy,Palestine,Olsztyn,Rynek,57/27,52
122,Mieszkalny,Democratic Republic of the Congo,Biała Podlaska,Lipca,36,95
123,Firmowy,Rwanda,Przemyśl,Krucza,717,92
124,Firmowy,Mozambique,Bytom,Zielona,83,48
125,Firmowy,Trinidad and Tobago,Konin,Storczykowa,271,8
126,Mieszkalny,Nigeria,Bielsk Podlaski,Chabrowa,94/03,51
127,Mieszkalny,Namibia,Częstochowa,Diamentowa,00/03,50
128,Firmowy,Palestine,Reda,Morcinka,50/96,21
129,Firmowy,Maldives,Ostróda,Tęczowa,448,71
130,Mieszkalny,Sierra Leone,Olsztyn,Jabłoniowa,527,21
131,Firmowy,Grenada,Białystok,Piłsudskiego,410,65
132,Mieszkalny,Qatar,Kielce,Gdańska,90,58
133,Mieszkalny,East Timor,Dąbrowa Górnicza,Fiołkowa,70/23,82
134,Firmowy,The Gambia,Tarnów,Morelowa,85/18,73
135,Mieszkalny,Democratic Republic of the Congo,Augustów,Stroma,85,30
136,Firmowy,Guatemala,Skarżysko-Kamienna,Powstańców Śląskich,73/59,22
137,Mieszkalny,Greece,Słupsk,Zakole,816,42
138,Firmowy,Paraguay,Żory,Miłosza,95,22
139,Firmowy,Papua New Guinea,Żary,Ściegiennego,936,66
140,Firmowy,Democratic Republic of the Congo,Pszczyna,Diamentowa,61,7
141,Mieszkalny,Bhutan,Gniezno,Leśna,847,64
142,Firmowy,Federated States of Micronesia,Tarnobrzeg,Lotnicza,17/30,37
143,Firmowy,Cameroon,Oława,Kossaka,33,83
144,Mieszkalny,Moldova,Wałcz,Strzelecka,47/64,19
145,Mieszkalny,Niger,Radom,Turystyczna,19,65
146,Firmowy,Marshall Islands,Jasło,Jeżynowa,639,58
147,Mieszkalny,The Gambia,Jasło,Liliowa,71/01,42
148,Mieszkalny,Senegal,Police,Kwiatowa,758,84
149,Firmowy,Jamaica,Piaseczno,Ciasna,10,81
150,Firmowy,Algeria,Świętochłowice,Dojazdowa,69,36
151,Mieszkalny,Solomon Islands,Iława,Cicha,33/54,54
152,Mieszkalny,Samoa,Legnica,Wałowa,31/53,30
153,Firmowy,Turkmenistan,Sieradz,Średnia,66/12,26
154,Mieszkalny,Eritrea,Stargard Szczeciński,Konwaliowa,248,39
155,Firmowy,Mali,Częstochowa,Piaskowa,697,37
156,Firmowy,Niger,Polkowice,Orzechowa,721,19
157,Mieszkalny,Vietnam,Dzierżoniów,Brzoskwiniowa,469,88
158,Firmowy,Guyana,Sopot,Kopernika,40,17
159,Mieszkalny,United Arab Emirates,Kętrzyn,Długosza,582,64
160,Firmowy,Algeria,Iława,Rumiankowa,00,96
161,Mieszkalny,Costa Rica,Otwock,Asnyka,09/99,43
162,Mieszkalny,Senegal,Oława,Szeroka,574,52
163,Firmowy,Denmark,Stalowa Wola,Kielecka,89/33,83
164,Mieszkalny,Panama,Pszczyna,Odrzańska,96/15,39
165,Mieszkalny,Antigua and Barbuda,Środa Wielkopolska,Zielona,120,24
166,Firmowy,Zimbabwe,Chojnice,Wiklinowa,15,43
167,Firmowy,Iran,Świdnik,Lipca,58/43,6
168,Firmowy,Bangladesh,Białogard,Morcinka,82,34
169,Mieszkalny,Argentina,Wyszków,Krokusowa,641,53
170,Firmowy,Palau,Piaseczno,Owocowa,11/93,29
171,Firmowy,Finland,Inowrocław,Odrzańska,28,34
172,Mieszkalny,Afghanistan,Grodzisk Mazowiecki,Szpitalna,97/29,1
173,Mieszkalny,Ukraine,Głogów,Wiejska,002,61
174,Mieszkalny,Chile,Sieradz,Dąbrowskiej,57/76,33
175,Mieszkalny,Guinea-Bissau,Inowrocław,Rózana,32,83
176,Mieszkalny,Sweden,Bartoszyce,Mała,84/33,73
177,Mieszkalny,Central African Republic,Kościan,Stroma,543,80
178,Mieszkalny,Cuba,Kłodzko,Jana III Sobieskiego,10,22
179,Firmowy,Niger,Świebodzice,Rózana,390,78
180,Mieszkalny,Cape Verde,Nysa,Wiejska,206,93
181,Firmowy,Denmark,Gorzów Wielkopolski,Hallera,85/20,47
182,Firmowy,Syria,Wodzisław Śląski,Starowiejska,54,62
183,Firmowy,Portugal,Jelenia Góra,Krańcowa,832,21
184,Mieszkalny,Kazakhstan,Ząbki,Browarna,687,28
185,Mieszkalny,Uzbekistan,Zgierz,Norwida,29/27,47
186,Firmowy,Samoa,Kędzierzyn-Koźle,Radosna,62/88,17
187,Mieszkalny,Comoros,Siemianowice Śląskie,Kraszewskiego,561,93
188,Mieszkalny,Antigua and Barbuda,Ruda Śląska,Kraszewskiego,61,92
189,Mieszkalny,Cuba,Kościerzyna,Mostowa,10,27
190,Firmowy,Luxembourg,Kielce,Kusocińskiego,77/59,100
191,Firmowy,Kuwait,Jarocin,Solidarnosci,69,41
192,Firmowy,Senegal,Kielce,Storczykowa,18,29
193,Firmowy,Japan,Luboń,Kraszewskiego,77,95
194,Mieszkalny,Zimbabwe,Swarzędz,Grzybowa,68,59
195,Firmowy,Bolivia,Pruszków,Sienkiewicza,241,36
196,Mieszkalny,South Korea,Żagań,Starowiejska,748,73
197,Firmowy,Panama,Turek,Podgórna,73,30
198,Firmowy,Tanzania,Nowa Sól,Olchowa,057,91
199,Firmowy,Federated States of Micronesia,Skierniewice,Piękna,908,67
200,Mieszkalny,North Korea,Oświęcim,Baczynskiego,68,90
201,Mieszkalny,Kazakhstan,Kielce,Pocztowa,98,62
202,Mieszkalny,Dominica,Jarosław,Kościuszki,373,52
203,Mieszkalny,Malta,Szczytno,Borówkowa,20,80
204,Mieszkalny,Samoa,Sopot,Maczka,43/41,60
205,Firmowy,San Marino,Gorzów Wielkopolski,Bałtycka,49/14,47
206,Firmowy,Rwanda,Będzin,Wilcza,73/91,36
207,Firmowy,Malawi,Kalisz,Rataja,70,99
208,Firmowy,Kuwait,Głogów,Jana Pawła II,099,89
209,Mieszkalny,Tunisia,Mysłowice,Jesienna,801,39
210,Mieszkalny,Botswana,Olkusz,Hallera,584,55
211,Firmowy,Tunisia,Grodzisk Mazowiecki,Jasna,54/44,67
212,Firmowy,Niger,Środa Wielkopolska,Harcerska,30,22
213,Firmowy,Lebanon,Kraśnik,Perłowa,197,44
214,Mieszkalny,Tajikistan,Ząbki,Jesionowa,73/62,13
215,Firmowy,Afghanistan,Sanok,Nowowiejska,47,29
216,Firmowy,Madagascar,Rybnik,Lazurowa,366,88
217,Mieszkalny,Morocco,Gliwice,Jagodowa,80/33,65
218,Firmowy,Myanmar,Nowy Targ,Swierkowa,057,84
219,Firmowy,SÃ£o TomÃ© and PrÃ­ncipe,Będzin,Paderewskiego,49/22,18
220,Mieszkalny,Burundi,Kościan,Kościelna,921,2
221,Mieszkalny,Luxembourg,Ostrów Mazowiecka,Spacerowa,67/81,95
222,Firmowy,Lebanon,Bielsko-Biała,Wybickiego,792,54
223,Firmowy,Andorra,Reda,Hutnicza,47,90
224,Firmowy,Trinidad and Tobago,Tarnowskie Góry,Azaliowa,17,27
225,Mieszkalny,Madagascar,Dębica,Strzelecka,570,2
226,Firmowy,CÃ´te d'Ivoire,Żory,Partyzantów,11,63
227,Mieszkalny,France,Racibórz,Mazowiecka,99,7
228,Firmowy,Afghanistan,Czechowice-Dziedzice,Lazurowa,997,96
229,Firmowy,Burundi,Bielsk Podlaski,Fredry,52/92,45
230,Firmowy,Central African Republic,Jasło,Wróblewskiego,090,18
231,Firmowy,Saint Lucia,Biłgoraj,Agrestowa,23,1
232,Mieszkalny,Mexico,Otwock,Liliowa,127,19
233,Firmowy,Morocco,Myszków,Zielona,61,62
234,Firmowy,CÃ´te d'Ivoire,Lubin,Cyprysowa,19,29
235,Firmowy,Tunisia,Żory,Bursztynowa,911,42
236,Firmowy,Mongolia,Reda,Orzechowa,871,86
237,Mieszkalny,Bolivia,Piekary Śląskie,Rynek,993,83
238,Firmowy,Pakistan,Nowy Dwór Mazowiecki,Jana,43/44,70
239,Firmowy,Belgium,Kalisz,Pocztowa,108,81
240,Mieszkalny,Lithuania,Bydgoszcz,Klonowa,741,41
241,Mieszkalny,Australia,Sochaczew,Kołłątaja,72,73
242,Mieszkalny,Slovakia,Tomaszów Mazowiecki,Brzechwy,90,40
243,Mieszkalny,Japan,Skawina,Krucza,59/17,96
244,Firmowy,Guinea,Luboń,Irysowa,54/14,21
245,Firmowy,Fiji,Gdańsk,Konopnickiej,63,66
246,Firmowy,Libya,Oświęcim,Wschodnia,855,1
247,Firmowy,Federated States of Micronesia,Luboń,Głowackiego,13/95,63
248,Firmowy,North Korea,Żywiec,Wojciecha,583,56
249,Firmowy,Saudi Arabia,Świętochłowice,Wiśniowa,43/96,93
250,Mieszkalny,South Africa,Biała Podlaska,Maczka,72,21
251,Mieszkalny,France,Katowice,Boczna,46/47,5
252,Mieszkalny,Russia,Biała Podlaska,Toruńska,167,45
253,Firmowy,Vietnam,Stalowa Wola,Chmielna,62/19,4
254,Mieszkalny,Lesotho,Turek,Słoneczna,29/67,32
255,Mieszkalny,Tonga,Warszawa,Kraszewskiego,37,58
256,Firmowy,Burkina Faso,Pruszcz Gdański,Władysława Jagiełły,20,37
257,Firmowy,Israel,Bartoszyce,Klonowa,87/51,89
258,Mieszkalny,Benin,Czechowice-Dziedzice,Prosta,81/43,17
259,Mieszkalny,Vietnam,Czeladź,Floriana,43,75
260,Mieszkalny,Nigeria,Gdynia,Topolowa,377,34
261,Firmowy,Egypt,Swarzędz,Perłowa,930,75
262,Firmowy,Ukraine,Bartoszyce,Krakowska,519,33
263,Mieszkalny,Australia,Ostrołęka,Kasztanowa,91/62,2
264,Mieszkalny,Togo,Skarżysko-Kamienna,Wojska Polskiego,908,22
265,Mieszkalny,Thailand,Luboń,Błękitna,784,51
266,Firmowy,Swaziland,Szczecin,Sawickiej,45,13
267,Firmowy,Democratic Republic of the Congo,Piła,Partyzantów,64/50,58
268,Mieszkalny,Kuwait,Gdańsk,Graniczna,25/93,91
269,Mieszkalny,Togo,Jarocin,Piwna,83,22
270,Mieszkalny,Zimbabwe,Biłgoraj,Dojazdowa,784,82
271,Firmowy,Antigua and Barbuda,Zgorzelec,Willowa,05/00,35
272,Firmowy,Trinidad and Tobago,Stargard Szczeciński,Długa,016,38
273,Firmowy,Sierra Leone,Kołobrzeg,Rózana,64,67
274,Firmowy,Jamaica,Sandomierz,Wysoka,67/32,40
275,Firmowy,Pakistan,Leszno,Skłodowskiej-Curie,73,36
276,Firmowy,Federated States of Micronesia,Białogard,Akacjowa,25/04,3
277,Mieszkalny,Dominican Republic,Sopot,Chopina,97,7
278,Firmowy,Taiwan,Biała Podlaska,Kochanowskiego,00,91
279,Firmowy,Romania,Zamość,Sybiraków,929,4
280,Mieszkalny,Mexico,Nowy Sącz,Szpitalna,17/21,22
281,Firmowy,Federated States of Micronesia,Płońsk,Żeglarska,575,63
282,Firmowy,Ukraine,Bochnia,Wschodnia,14/59,94
283,Mieszkalny,Republic of Ireland,Lubin,Sportowa,78/66,54
284,Firmowy,Liberia,Piastów,Kolonia,972,79
285,Firmowy,Saint Vincent and the Grenadines,Czechowice-Dziedzice,Orzeszkowej,63,88
286,Mieszkalny,South Africa,Lębork,Jaśminowa,16,43
287,Firmowy,United Kingdom,Kalisz,Perłowa,03,49
288,Firmowy,Slovenia,Krotoszyn,Źródlana,949,67
289,Mieszkalny,Laos,Częstochowa,Kilińskiego,58,40
290,Mieszkalny,Fiji,Włocławek,Kopernika,29,29
291,Firmowy,Uganda,Leszno,Wiejska,36,61
292,Firmowy,Swaziland,Malbork,Cmentarna,953,15
293,Firmowy,Maldives,Przemyśl,Liliowa,78/10,56
294,Firmowy,Republic of Ireland,Toruń,Chmielna,89,8
295,Firmowy,Kazakhstan,Koszalin,Wysoka,63,41
296,Firmowy,Cameroon,Suwałki,Wschodnia,04/48,67
297,Mieszkalny,Guinea,Police,Wiatraczna,33,99
298,Firmowy,Monaco,Bolesławiec,Żeglarska,90/76,41
299,Mieszkalny,Colombia,Oświęcim,Mieszka I,311,37
300,Firmowy,Haiti,Pruszcz Gdański,Okrężna,08,19
301,Mieszkalny,Tuvalu,Koło,Źródlana,66,50
302,Firmowy,Cape Verde,Myszków,Konarskiego,705,38
303,Mieszkalny,Tanzania,Czechowice-Dziedzice,Kasztanowa,484,88
304,Firmowy,Guyana,Pruszcz Gdański,Floriana,24/89,43
305,Mieszkalny,SÃ£o TomÃ© and PrÃ­ncipe,Dzierżoniów,Ciasna,57/73,71
306,Mieszkalny,Iceland,Jawor,Parkowa,42,57
307,Mieszkalny,Angola,Żyrardów,Rajska,193,10
308,Firmowy,Croatia,Zduńska Wola,Piękna,02,42
309,Firmowy,Luxembourg,Piotrków Trybunalski,Drzymały,01,51
310,Mieszkalny,Azerbaijan,Zabrze,Kraszewskiego,31/38,27
311,Firmowy,Bhutan,Giżycko,Jana,59,78
312,Mieszkalny,India,Jastrzębie-Zdrój,Szafirowa,530,98
313,Mieszkalny,Democratic Republic of the Congo,Lublin,Poniatowskiego,957,14
314,Firmowy,Morocco,Olkusz,Orla,430,87
315,Mieszkalny,Cuba,Knurów,Wiejska,359,74
316,Firmowy,Cambodia,Sopot,Czarnieckiego,28/65,56
317,Mieszkalny,Serbia,Płońsk,Tęczowa,82/41,70
318,Firmowy,Chad,Bielawa,Zielna,589,52
319,Mieszkalny,Azerbaijan,Leszno,Rubinowa,95/42,79
320,Mieszkalny,Tuvalu,Piekary Śląskie,Pogodna,149,88
321,Mieszkalny,Seychelles,Wejherowo,Srebrna,16,57
322,Mieszkalny,Bahrain,Chorzów,Malinowa,110,61
323,Mieszkalny,Libya,Cieszyn,Srebrna,132,16
324,Firmowy,El Salvador,Gdynia,Rolnicza,94,77
325,Mieszkalny,Venezuela,Mysłowice,Lipca,27/53,78
326,Firmowy,Greece,Dębica,Rzeczna,97/10,46
327,Mieszkalny,Palau,Świdnik,Powstańców Śląskich,20/73,21
328,Mieszkalny,Iceland,Brzeg,Staszica,29,98
329,Mieszkalny,Antigua and Barbuda,Jarosław,Targowa,739,94
330,Firmowy,Kazakhstan,Żory,Rzeczna,617,87
331,Firmowy,Syria,Oława,Krańcowa,687,58
332,Mieszkalny,Mauritius,Gdańsk,Kusocińskiego,672,44
333,Firmowy,Djibouti,Krotoszyn,Wojciecha,13,69
334,Firmowy,Chad,Skierniewice,Rubinowa,51/81,21
335,Mieszkalny,Kiribati,Pszczyna,Jeziorna,075,39
336,Firmowy,Cyprus,Kościan,Piekarska,729,76
337,Firmowy,North Korea,Chojnice,Bociania,158,52
338,Firmowy,Norway,Jastrzębie-Zdrój,Poziomkowa,73/30,54
339,Firmowy,Luxembourg,Piaseczno,Konarskiego,60/78,97
340,Firmowy,Solomon Islands,Wągrowiec,Zwycięstwa,71,88
341,Firmowy,Seychelles,Częstochowa,Okulickiego,06/79,8
342,Mieszkalny,Slovenia,Białogard,Lipowa,04,33
343,Firmowy,Tonga,Bochnia,Wypoczynkowa,448,18
344,Firmowy,Federated States of Micronesia,Myszków,Lipowa,824,47
345,Mieszkalny,San Marino,Radomsko,Topolowa,86/40,3
346,Firmowy,Belgium,Świecie,Narutowicza,24,44
347,Firmowy,Guinea,Mińsk Mazowiecki,Lelewela,380,82
348,Mieszkalny,Tanzania,Łowicz,Szpitalna,45,97
349,Mieszkalny,Mauritius,Łowicz,Moniuszki,89/09,97
350,Mieszkalny,Cyprus,Pruszków,Wodna,54,27
351,Mieszkalny,Saudi Arabia,Mysłowice,Dobra,763,3
352,Firmowy,Bhutan,Polkowice,Miodowa,33,97
353,Firmowy,Saudi Arabia,Żagań,Narcyzowa,73,21
354,Mieszkalny,Sierra Leone,Nowa Ruda,Storczykowa,807,52
355,Mieszkalny,Tunisia,Tczew,Perłowa,40,79
356,Mieszkalny,Vanuatu,Ostrowiec Świętokrzyski,Makowa,580,2
357,Firmowy,Panama,Chojnice,Sienkiewicza,372,73
358,Firmowy,Uganda,Kluczbork,Krucza,17,83
359,Mieszkalny,Portugal,Poznań,Magnoliowa,22,98
360,Mieszkalny,Israel,Zgierz,Sybiraków,82,72
361,Firmowy,Trinidad and Tobago,Dąbrowa Górnicza,Przemysłowa,12,10
362,Firmowy,Jordan,Jastrzębie-Zdrój,Stefana Batorego,56,4
363,Firmowy,Democratic Republic of the Congo,Szczecinek,Letnia,844,69
364,Mieszkalny,Spain,Kwidzyn,Wczasowa,51,11
365,Mieszkalny,Zimbabwe,Ostrołęka,Mickiewicza,244,74
366,Firmowy,Angola,Łowicz,Waryńskiego,74/93,87
367,Mieszkalny,Indonesia,Żywiec,Parkowa,05,83
368,Mieszkalny,Brunei Darussalam,Racibórz,Wiatraczna,816,37
369,Firmowy,Honduras,Dąbrowa Górnicza,Świerczewskiego,91,76
370,Mieszkalny,Chile,Gorlice,Mazowiecka,03/89,59
371,Firmowy,East Timor,Mysłowice,Okrężna,271,83
372,Firmowy,Oman,Toruń,Szeroka,67/38,89
373,Firmowy,Cape Verde,Kielce,Żurawia,050,29
374,Mieszkalny,Chile,Nowy Sącz,Złota,32,50
375,Mieszkalny,Thailand,Bytom,Topolowa,302,10
376,Mieszkalny,Guinea-Bissau,Łuków,Toruńska,61/19,25
377,Mieszkalny,Peru,Żyrardów,Jasna,56,93
378,Firmowy,Italy,Sieradz,Orkana,26,7
379,Firmowy,Thailand,Mysłowice,Zamkowa,892,96
380,Firmowy,Tajikistan,Mielec,Bema,31,83
381,Firmowy,Palestine,Świecie,Kielecka,20/85,31
382,Mieszkalny,Panama,Sieradz,Gałczynskiego,25,93
383,Firmowy,Canada,Konin,Jesienna,94/31,77
384,Firmowy,Bahamas,Żory,Kwiatowa,140,2
385,Mieszkalny,Armenia,Kalisz,Żeromskiego,89/90,60
386,Mieszkalny,Kazakhstan,Brodnica,Chabrowa,09,73
387,Mieszkalny,Guyana,Augustów,Podleśna,31,35
388,Mieszkalny,Barbados,Sopot,Górnicza,48/62,54
389,Firmowy,Tonga,Dąbrowa Górnicza,Szymanowskiego,66,33
390,Firmowy,Suriname,Legionowo,Nowa,26,68
391,Mieszkalny,Czech Republic,Czechowice-Dziedzice,Rynek,57/81,41
392,Firmowy,Ukraine,Oświęcim,Szkolna,78,25
393,Mieszkalny,Azerbaijan,Sopot,Prusa,42/20,38
394,Firmowy,Equatorial Guinea,Tarnobrzeg,Jagiellońska,40/12,33
395,Mieszkalny,Mauritania,Łuków,Wiklinowa,303,54
396,Mieszkalny,Lithuania,Puławy,Śląska,062,61
397,Firmowy,United Kingdom,Września,Tysiąclecia,05,68
398,Firmowy,Palau,Knurów,Torowa,12/40,73
399,Mieszkalny,Equatorial Guinea,Wałcz,Konstytucji 3 Maja,46,85
400,Mieszkalny,Yemen,Płock,Harcerska,432,47
401,Mieszkalny,Fiji,Kłodzko,Konstytucji 3 Maja,787,54
402,Firmowy,Singapore,Łódź,Popiełuszki,01,28
403,Mieszkalny,Kenya,Suwałki,Jaworowa,840,32
404,Mieszkalny,Botswana,Żory,Średnia,440,95
405,Firmowy,East Timor,Ełk,Orzeszkowej,201,69
406,Firmowy,Vatican City,Czechowice-Dziedzice,Piękna,65,92
407,Firmowy,Comoros,Nowy Targ,Lubelska,98/69,16
408,Firmowy,Lebanon,Biała Podlaska,Żwirowa,79/68,11
409,Firmowy,Liechtenstein,Wodzisław Śląski,Rycerska,94/86,88
410,Mieszkalny,Uruguay,Szczecin,Zacisze,27,87
411,Firmowy,Uruguay,Zgorzelec,Szewska,99/64,75
412,Mieszkalny,Burkina Faso,Nowa Sól,Dąbrowskiego,44,27
413,Mieszkalny,Finland,Zambrów,Narutowicza,67/90,60
414,Mieszkalny,Suriname,Wrocław,Jasna,14/46,29
415,Mieszkalny,Tonga,Inowrocław,Podgórna,766,50
416,Firmowy,Republic of Ireland,Zgorzelec,Rolnicza,532,58
417,Firmowy,Mauritius,Nysa,Listopada,79,83
418,Firmowy,Barbados,Krosno,Modrzewiowa,425,3
419,Mieszkalny,Qatar,Racibórz,Krokusowa,94,84
420,Mieszkalny,Niger,Łowicz,Perłowa,29,71
421,Mieszkalny,Zambia,Piekary Śląskie,Willowa,764,54
422,Mieszkalny,Burkina Faso,Zielona Góra,Wiśniowa,27/01,37
423,Mieszkalny,Kuwait,Stargard Szczeciński,Jeziorna,17/00,46
424,Firmowy,Kiribati,Radom,Broniewskiego,978,43
425,Mieszkalny,Gabon,Zduńska Wola,Kielecka,57/41,32
426,Firmowy,Botswana,Malbork,Wybickiego,972,97
427,Mieszkalny,Japan,Żory,Poziomkowa,92/18,71
428,Mieszkalny,Marshall Islands,Lubin,Kasztanowa,85,65
429,Mieszkalny,Paraguay,Cieszyn,Reymonta,25/96,42
430,Mieszkalny,Madagascar,Augustów,Konstytucji 3 Maja,004,43
431,Firmowy,Equatorial Guinea,Piotrków Trybunalski,Bursztynowa,70/32,79
432,Firmowy,Malawi,Jarosław,Jasna,93/48,44
433,Firmowy,Palestine,Świdnik,Chełmońskiego,01/92,94
434,Mieszkalny,Bangladesh,Opole,Rózana,63/41,83
435,Mieszkalny,Saint Kitts and Nevis,Łowicz,Przechodnia,59/00,99
436,Mieszkalny,Iran,Bełchatów,Ogrodowa,82/14,86
437,Mieszkalny,Croatia,Skawina,Złota,63,4
438,Firmowy,Brazil,Goleniów,Słoneczna,15,55
439,Mieszkalny,Canada,Zduńska Wola,Maja,26,60
440,Mieszkalny,Sweden,Wągrowiec,Lipca,38,3
441,Firmowy,Ukraine,Reda,Mokra,53/29,55
442,Mieszkalny,Seychelles,Elbląg,Lazurowa,91,72
443,Mieszkalny,Canada,Środa Wielkopolska,Jasna,79/21,57
444,Firmowy,The Gambia,Ciechanów,Brzozowa,942,43
445,Mieszkalny,Democratic Republic of the Congo,Skierniewice,Rycerska,70/27,74
446,Mieszkalny,Turkmenistan,Wejherowo,Grunwaldzka,40,31
447,Mieszkalny,Zambia,Myszków,Żeromskiego,82/83,100
448,Mieszkalny,France,Będzin,Wiązowa,51/25,67
449,Firmowy,Vietnam,Koszalin,Dworska,26/03,48
450,Mieszkalny,Ukraine,Białogard,Torowa,694,25
451,Firmowy,Azerbaijan,Piła,Morcinka,249,78
452,Mieszkalny,United Arab Emirates,Gdynia,Konarskiego,78,60
453,Firmowy,Kingdom of the Netherlands,Oleśnica,Jeżynowa,519,88
454,Mieszkalny,Japan,Nowy Dwór Mazowiecki,Leśna,52,69
455,Mieszkalny,Kingdom of the Netherlands,Lubliniec,Rzeczna,495,54
456,Mieszkalny,Suriname,Bełchatów,Sosnowa,38,84
457,Mieszkalny,Thailand,Lubin,Szpitalna,35/85,29
458,Firmowy,Vietnam,Tarnowskie Góry,Kamienna,79,3
459,Mieszkalny,Romania,Pruszcz Gdański,Morelowa,086,31
460,Mieszkalny,Marshall Islands,Zduńska Wola,Wyspiańskiego,558,87
461,Firmowy,Monaco,Głogów,Skośna,512,6
462,Firmowy,Cape Verde,Malbork,Kolorowa,81,1
463,Firmowy,Central African Republic,Krotoszyn,Sadowa,80/20,26
464,Firmowy,Saudi Arabia,Zawiercie,Nowowiejska,440,72
465,Firmowy,Bulgaria,Konin,Średnia,39,79
466,Mieszkalny,Switzerland,Zielona Góra,Cisowa,93,90
467,Mieszkalny,People's Republic of China,Zduńska Wola,Rzemieślnicza,111,37
468,Mieszkalny,Djibouti,Sochaczew,Kopernika,28,12
469,Mieszkalny,Dominica,Jawor,Solidarnosci,56/33,60
470,Mieszkalny,Denmark,Oleśnica,Bolesława Krzywoustego,267,91
471,Firmowy,Mongolia,Koło,Armii Krajowej,34/68,50
472,Mieszkalny,Andorra,Stargard Szczeciński,Rejtana,230,38
473,Mieszkalny,France,Chojnice,Podleśna,925,75
474,Mieszkalny,Sierra Leone,Środa Wielkopolska,Pocztowa,501,65
475,Mieszkalny,The Gambia,Będzin,Kusocińskiego,487,83
476,Firmowy,Georgia,Nowa Sól,Jana III Sobieskiego,36/76,74
477,Mieszkalny,Sierra Leone,Cieszyn,Widokowa,997,41
478,Mieszkalny,Suriname,Myszków,Podmiejska,638,23
479,Firmowy,Indonesia,Elbląg,Skrajna,54/22,24
480,Mieszkalny,Kyrgyzstan,Starachowice,Srebrna,35,86
481,Firmowy,Guatemala,Świebodzice,Szewska,08/20,48
482,Firmowy,Dominica,Wieluń,Warszawska,888,62
483,Firmowy,Malaysia,Gliwice,Wiatraczna,645,4
484,Firmowy,Spain,Starachowice,Wybickiego,32/72,37
485,Mieszkalny,Fiji,Kielce,Głowackiego,511,86
486,Mieszkalny,Turkey,Luboń,Bałtycka,06/80,84
487,Mieszkalny,Marshall Islands,Kędzierzyn-Koźle,Widokowa,01,79
488,Firmowy,Somalia,Świdnik,Mała,42/16,60
489,Mieszkalny,Grenada,Elbląg,Ogrodowa,110,80
490,Mieszkalny,Guyana,Katowice,Letnia,12/96,81
491,Firmowy,Liberia,Mielec,Urocza,70,60
492,Firmowy,Ghana,Ostrów Wielkopolski,Porzeczkowa,49,75
493,Firmowy,Austria,Ciechanów,Opolska,27,25
494,Mieszkalny,Montenegro,Lublin,Niecała,03,33
495,Mieszkalny,Namibia,Lubin,Krótka,89/47,41
496,Firmowy,Niger,Tarnów,Krasickiego,757,7
497,Mieszkalny,Andorra,Mikołów,Jaśminowa,501,91
498,Firmowy,Belgium,Kętrzyn,Kosynierów,943,56
499,Mieszkalny,North Macedonia,Kołobrzeg,Szpitalna,50/80,43
500,Firmowy,Thailand,Siemianowice Śląskie,Zakątek,604,39
501,Mieszkalny,Singapore,Biała Podlaska,Lipowa,11,8
502,Firmowy,Nigeria,Wałbrzych,Władysława Jagiełły,45/96,32
503,Mieszkalny,Solomon Islands,Krosno,Grabowa,78,16
504,Mieszkalny,Benin,Białystok,Cisowa,53/14,29
505,Mieszkalny,Somalia,Czerwionka-Leszczyny,Osiedlowa,581,26
506,Firmowy,United Kingdom,Knurów,Częstochowska,23,24
507,Firmowy,CÃ´te d'Ivoire,Brzeg,Grunwaldzka,356,44
508,Mieszkalny,SÃ£o TomÃ© and PrÃ­ncipe,Gorlice,Krasińskiego,91/40,82
509,Firmowy,South Africa,Goleniów,Bolesława Krzywoustego,998,7
510,Firmowy,Thailand,Turek,Owocowa,654,85
511,Mieszkalny,Iceland,Kielce,Sportowa,17,51
512,Mieszkalny,Saint Vincent and the Grenadines,Świdnik,Jadwigi,054,73
513,Firmowy,Argentina,Bochnia,Rzemieślnicza,85,44
514,Mieszkalny,Vietnam,Pruszków,Prosta,71,57
515,Mieszkalny,Botswana,Sieradz,Krokusowa,00,44
516,Firmowy,Colombia,Nysa,Kielecka,13,23
517,Firmowy,Germany,Kędzierzyn-Koźle,Kusocińskiego,636,2
518,Firmowy,Denmark,Kościan,Bukowa,60/35,19
519,Firmowy,El Salvador,Chojnice,Wysoka,25,53
520,Firmowy,Botswana,Olsztyn,Władysława Jagiełły,84,14
521,Mieszkalny,Kyrgyzstan,Bełchatów,Dojazdowa,373,21
522,Mieszkalny,Uruguay,Jasło,Kilińskiego,06,67
523,Mieszkalny,Israel,Kościerzyna,Kalinowa,717,67
524,Mieszkalny,Senegal,Bolesławiec,Sybiraków,95/53,61
525,Firmowy,United States,Zduńska Wola,Tartaczna,44/64,31
526,Mieszkalny,United Kingdom,Kłodzko,Jagiellońska,99/19,86
527,Firmowy,Bulgaria,Zgierz,Chmielna,73/66,4
528,Mieszkalny,Mali,Ostrołęka,Okrężna,00/06,68
529,Mieszkalny,Republic of the Congo,Wejherowo,Kolejowa,97/08,50
530,Firmowy,Bhutan,Kraków,Rolnicza,50,20
531,Firmowy,Taiwan,Gorzów Wielkopolski,Listopada,00,52
532,Mieszkalny,South Africa,Bełchatów,Lipca,94/15,43
533,Mieszkalny,Albania,Nowa Ruda,Królewska,95/92,75
534,Mieszkalny,Republic of the Congo,Inowrocław,Kraszewskiego,50,87
535,Mieszkalny,India,Jarocin,Morcinka,60,82
536,Firmowy,Kuwait,Gorlice,Zdrojowa,33,16
537,Firmowy,Kyrgyzstan,Kwidzyn,Grzybowa,736,36
538,Firmowy,Mongolia,Gorzów Wielkopolski,Piaskowa,79,46
539,Firmowy,Cuba,Sanok,Wiatraczna,36/20,93
540,Mieszkalny,Fiji,Puławy,Makuszyńskiego,64/39,7
541,Mieszkalny,Iran,Skarżysko-Kamienna,Jałowcowa,24,77
542,Firmowy,Syria,Kętrzyn,Podwale,83,51
543,Mieszkalny,Equatorial Guinea,Szczecin,Liliowa,983,91
544,Firmowy,Suriname,Koszalin,Powstańców Śląskich,264,54
545,Mieszkalny,Slovenia,Głogów,Działkowa,16,29
546,Mieszkalny,Papua New Guinea,Kętrzyn,Broniewskiego,82/53,57
547,Mieszkalny,Vietnam,Zduńska Wola,Czarnieckiego,41/52,38
548,Mieszkalny,Hungary,Świdnica,Warszawska,33,79
549,Firmowy,Nigeria,Ruda Śląska,Makuszyńskiego,507,44
550,Firmowy,Austria,Kwidzyn,Cyprysowa,53/71,50
551,Firmowy,Germany,Bytom,Wiśniowa,79/37,73
552,Firmowy,Saint Vincent and the Grenadines,Kołobrzeg,Żwirowa,96,85
553,Mieszkalny,Bhutan,Pruszcz Gdański,Powstańców Wielkopolskich,05,53
554,Firmowy,Qatar,Piła,Morska,56/70,2
555,Firmowy,CÃ´te d'Ivoire,Bydgoszcz,Kraszewskiego,61/06,25
556,Firmowy,Philippines,Piła,Wiatraczna,18/30,57
557,Firmowy,Slovenia,Wrocław,Dębowa,06,99
558,Mieszkalny,Saint Kitts and Nevis,Starogard Gdański,Stawowa,74,95
559,Firmowy,Kiribati,Jaworzno,Piłsudskiego,57,100
560,Mieszkalny,Yemen,Lubin,Brzozowa,000,99
561,Mieszkalny,Mexico,Olsztyn,Borowa,893,85
562,Mieszkalny,Solomon Islands,Legnica,Piekarska,11/94,44
563,Firmowy,Slovenia,Stargard Szczeciński,Sybiraków,122,48
564,Firmowy,Guyana,Łuków,Hutnicza,507,73
565,Mieszkalny,Equatorial Guinea,Wołomin,Swierkowa,38,1
566,Mieszkalny,Cuba,Jastrzębie-Zdrój,Jana Pawła II,09,30
567,Firmowy,Japan,Sieradz,Zielna,76/37,69
568,Mieszkalny,Lithuania,Pruszków,Tuwima,00,25
569,Firmowy,Croatia,Płock,Jagodowa,98/20,51
570,Mieszkalny,Croatia,Reda,Parkowa,37/33,80
571,Firmowy,Vietnam,Suwałki,Głowackiego,044,75
572,Mieszkalny,Lebanon,Kalisz,Korczaka,63,17
573,Mieszkalny,Armenia,Żory,Miła,48,28
574,Firmowy,France,Myszków,Kościelna,90,18
575,Mieszkalny,Marshall Islands,Skierniewice,Wiklinowa,73,67
576,Firmowy,Qatar,Dębica,Łąkowa,47/78,54
577,Firmowy,Bhutan,Jelenia Góra,Sowia,55,96
578,Firmowy,Somalia,Goleniów,Śląska,588,12
579,Mieszkalny,Tonga,Wrocław,Ceglana,19/77,91
580,Firmowy,Algeria,Środa Wielkopolska,Wspólna,56,40
581,Firmowy,Poland,Świecie,Plater,84,17
582,Mieszkalny,Barbados,Rzeszów,Kościelna,07,91
583,Firmowy,United Kingdom,Żywiec,Pocztowa,26,91
584,Firmowy,Croatia,Koło,Kaliska,996,66
585,Mieszkalny,Taiwan,Nowa Ruda,Lipca,79/05,65
586,Firmowy,North Macedonia,Lubliniec,Wiśniowa,035,39
587,Mieszkalny,Liberia,Elbląg,Traugutta,60,59
588,Mieszkalny,Luxembourg,Chorzów,Południowa,107,72
589,Firmowy,Sweden,Luboń,Jaworowa,73/65,71
590,Firmowy,Mauritius,Koło,Stycznia,932,9
591,Firmowy,Saint Vincent and the Grenadines,Nowa Ruda,Rumiankowa,00,42
592,Firmowy,Saint Kitts and Nevis,Jarosław,Konwaliowa,48/01,90
593,Firmowy,Indonesia,Lubin,Korfantego,03/56,61
594,Mieszkalny,North Korea,Biała Podlaska,Sokola,93,74
595,Mieszkalny,Nauru,Mikołów,Jagodowa,47,66
596,Mieszkalny,Laos,Tomaszów Mazowiecki,Kwiatowa,90/36,77
597,Firmowy,Norway,Piaseczno,Rolna,15,16
598,Mieszkalny,Slovakia,Starachowice,Kielecka,11/69,45
599,Firmowy,Bhutan,Goleniów,Radosna,71/98,26
600,Firmowy,Afghanistan,Tarnobrzeg,Grzybowa,797,58
601,Firmowy,Argentina,Biała Podlaska,Chabrowa,89/81,59
602,Mieszkalny,Ukraine,Ostrów Mazowiecka,Magnoliowa,198,78
603,Firmowy,Malta,Cieszyn,Narcyzowa,689,38
604,Firmowy,Israel,Ciechanów,Widok,61,23
605,Mieszkalny,Bahrain,Kołobrzeg,Targowa,718,62
606,Mieszkalny,Bangladesh,Tychy,Broniewskiego,63,3
607,Firmowy,Italy,Białogard,Zacisze,671,79
608,Firmowy,Greece,Świnoujście,Sucharskiego,62,76
609,Firmowy,Burundi,Jawor,Plażowa,63,80
610,Mieszkalny,Turkey,Zabrze,Leśna,58/58,70
611,Mieszkalny,Palestine,Koło,Jagodowa,951,9
612,Firmowy,Eritrea,Nowy Targ,Orzeszkowej,633,62
613,Mieszkalny,Pakistan,Krotoszyn,Witosa,01,55
614,Mieszkalny,CÃ´te d'Ivoire,Grodzisk Mazowiecki,Kołłątaja,85/24,33
615,Mieszkalny,Chile,Ełk,Czereśniowa,09/24,38
616,Firmowy,CÃ´te d'Ivoire,Suwałki,Spokojna,06,43
617,Mieszkalny,Monaco,Świebodzice,Górna,44/76,89
618,Firmowy,Romania,Bydgoszcz,Armii Krajowej,298,99
619,Firmowy,Poland,Piekary Śląskie,Azaliowa,63/10,28
620,Firmowy,Armenia,Tomaszów Mazowiecki,Ściegiennego,670,68
621,Firmowy,Nepal,Łódź,Zielna,108,44
622,Firmowy,Ukraine,Kędzierzyn-Koźle,Pułaskiego,902,39
623,Mieszkalny,Cyprus,Oświęcim,Cyprysowa,20/00,8
624,Firmowy,Greece,Malbork,Skrajna,55/09,22
625,Firmowy,Canada,Płońsk,Poznańska,644,96
626,Mieszkalny,Antigua and Barbuda,Dębica,Jabłoniowa,113,31
627,Firmowy,Australia,Kraśnik,Sportowa,60/20,50
628,Firmowy,Latvia,Lubin,Makowa,38,10
629,Firmowy,Eritrea,Jelenia Góra,Ptasia,650,97
630,Firmowy,Comoros,Wyszków,Zakątek,21,76
631,Mieszkalny,Samoa,Otwock,Stawowa,45,42
632,Firmowy,Fiji,Będzin,Korfantego,79,91
633,Mieszkalny,Kingdom of the Netherlands,Żary,Willowa,001,84
634,Firmowy,Eritrea,Gniezno,Konarskiego,82,84
635,Firmowy,Lesotho,Dąbrowa Górnicza,Storczykowa,02/01,88
636,Firmowy,Panama,Szczecin,Cedrowa,49/93,17
637,Mieszkalny,Finland,Jawor,Rynek,36,82
638,Firmowy,Colombia,Kędzierzyn-Koźle,Słowicza,26,28
639,Firmowy,Guinea-Bissau,Bielsko-Biała,Podgórna,475,57
640,Mieszkalny,Liberia,Legnica,Stolarska,323,36
641,Firmowy,India,Kalisz,Powstańców Wielkopolskich,244,42
642,Mieszkalny,Jamaica,Ciechanów,Jana Pawła II,018,66
643,Mieszkalny,Iceland,Świdnica,Towarowa,81,19
644,Firmowy,Colombia,Czechowice-Dziedzice,Jaśminowa,50,8
645,Mieszkalny,Angola,Radomsko,Swierkowa,92,18
646,Firmowy,Saint Lucia,Nowa Sól,Poznańska,713,41
647,Mieszkalny,United Arab Emirates,Sanok,Sadowa,654,91
648,Mieszkalny,Singapore,Nowy Targ,Borówkowa,20/51,93
649,Firmowy,Georgia,Biłgoraj,Pomorska,10/50,55
650,Firmowy,Nauru,Wrocław,Wróblewskiego,532,41
651,Mieszkalny,Panama,Dzierżoniów,Nowowiejska,46/66,14
652,Mieszkalny,Monaco,Kościerzyna,Jana,48/59,25
653,Firmowy,Ghana,Kędzierzyn-Koźle,Powstańców Śląskich,27,2
654,Mieszkalny,Montenegro,Zduńska Wola,Niecała,334,70
655,Mieszkalny,Tonga,Zakopane,Rataja,39,1
656,Firmowy,Austria,Siedlce,Żurawia,45,3
657,Mieszkalny,North Macedonia,Olkusz,Wrzosowa,83,68
658,Mieszkalny,Gabon,Bydgoszcz,Irysowa,610,71
659,Firmowy,Russia,Cieszyn,Brzozowa,76,5
660,Mieszkalny,Kenya,Kraków,Sybiraków,14/50,80
661,Mieszkalny,Senegal,Bielsko-Biała,Spółdzielcza,48/48,1
662,Firmowy,Venezuela,Puławy,Widok,683,90
663,Mieszkalny,Jamaica,Racibórz,Działkowa,35,39
664,Firmowy,Laos,Tychy,Truskawkowa,72,12
665,Mieszkalny,The Gambia,Radom,Zielona,85,77
666,Mieszkalny,Belarus,Lubin,Letnia,85,49
667,Mieszkalny,Rwanda,Kętrzyn,Konopnickiej,05,11
668,Firmowy,Cyprus,Piła,Majowa,270,17
669,Firmowy,Equatorial Guinea,Zabrze,Kielecka,43/04,21
670,Firmowy,Qatar,Włocławek,Floriana,88,8
671,Firmowy,Germany,Oleśnica,Wysoka,98/15,51
672,Mieszkalny,Estonia,Grudziądz,Kościuszki,86,99
673,Mieszkalny,Saint Vincent and the Grenadines,Cieszyn,Jeżynowa,35,7
674,Mieszkalny,Tajikistan,Wieluń,Konstytucji 3 Maja,912,31
675,Mieszkalny,Malaysia,Szczecin,Robotnicza,478,21
676,Mieszkalny,Trinidad and Tobago,Kielce,Asnyka,77/81,3
677,Firmowy,Montenegro,Kraków,Bankowa,471,60
678,Mieszkalny,Oman,Gliwice,Majowa,24,12
679,Firmowy,Turkmenistan,Nowy Targ,Akacjowa,654,41
680,Firmowy,Moldova,Płock,Jaworowa,49/04,22
681,Mieszkalny,Australia,Tarnobrzeg,Środkowa,80/12,75
682,Mieszkalny,Republic of the Congo,Knurów,Powstańców,60/81,67
683,Mieszkalny,Turkmenistan,Poznań,Maczka,97/46,78
684,Firmowy,Saint Lucia,Kędzierzyn-Koźle,Ptasia,50/59,53
685,Firmowy,Belgium,Zgorzelec,Kalinowa,21,79
686,Mieszkalny,Kiribati,Czeladź,Borowa,768,41
687,Firmowy,North Korea,Jarocin,Jagiellońska,623,69
688,Mieszkalny,Mozambique,Marki,Tysiąclecia,55/04,76
689,Firmowy,Colombia,Łódź,Poprzeczna,18,99
690,Mieszkalny,Hungary,Zamość,Zachodnia,29,49
691,Firmowy,Kuwait,Jasło,Żwirowa,11/15,66
692,Firmowy,Russia,Jaworzno,Słoneczna,478,65
693,Firmowy,Malaysia,Police,Kościelna,47/34,79
694,Mieszkalny,Ukraine,Ostrołęka,Malczewskiego,90/71,73
695,Firmowy,Djibouti,Żagań,Nadbrzeżna,24,41
696,Mieszkalny,Cape Verde,Marki,Władysława Łokietka,40,37
697,Firmowy,Central African Republic,Tarnowskie Góry,Mazowiecka,62,6
698,Firmowy,Myanmar,Mikołów,Łączna,22,98
699,Mieszkalny,Seychelles,Łowicz,Opolska,391,94
700,Mieszkalny,Madagascar,Zgorzelec,Sadowa,09,96
701,Firmowy,Belarus,Świętochłowice,Dolna,52/30,22
702,Mieszkalny,Seychelles,Krotoszyn,Gałczynskiego,64,20
703,Mieszkalny,Czech Republic,Kędzierzyn-Koźle,Głogowa,60,86
704,Firmowy,Moldova,Lubliniec,Kolonia,61,92
705,Firmowy,Papua New Guinea,Stargard Szczeciński,Tuwima,10,35
706,Firmowy,San Marino,Kraków,Piłsudskiego,913,52
707,Mieszkalny,Indonesia,Będzin,Okulickiego,11,78
708,Mieszkalny,Guatemala,Sandomierz,Starowiejska,44/51,28
709,Mieszkalny,Samoa,Inowrocław,Wiejska,960,19
710,Firmowy,Chile,Wodzisław Śląski,Chabrowa,577,77
711,Firmowy,Guatemala,Kluczbork,Zacisze,249,74
712,Mieszkalny,Grenada,Pabianice,Targowa,223,92
713,Mieszkalny,Turkey,Wieluń,Wałowa,29/98,15
714,Firmowy,Somalia,Krosno,Głogowa,029,99
715,Mieszkalny,Botswana,Piastów,Ptasia,68,2
716,Mieszkalny,Nicaragua,Nysa,Wspólna,69,76
717,Mieszkalny,Philippines,Nowy Dwór Mazowiecki,Jastrzębia,64,61
718,Firmowy,Mongolia,Słupsk,Maczka,02,32
719,Mieszkalny,North Korea,Gdynia,Piłsudskiego,65/67,96
720,Firmowy,Bosnia and Herzegovina,Mława,Wybickiego,31,74
721,Mieszkalny,Fiji,Częstochowa,Wróblewskiego,076,20
722,Mieszkalny,Paraguay,Bochnia,Łanowa,21,100
723,Mieszkalny,Solomon Islands,Wałcz,Orzeszkowej,891,31
724,Mieszkalny,Zambia,Turek,Wiklinowa,29/75,33
725,Firmowy,Sri Lanka,Tczew,Wyzwolenia,54/32,63
726,Mieszkalny,Vanuatu,Jelenia Góra,Sucharskiego,21,18
727,Mieszkalny,Ecuador,Gliwice,Leszczynowa,31/90,81
728,Firmowy,Tonga,Mińsk Mazowiecki,Grzybowa,77/04,57
729,Mieszkalny,South Africa,Puławy,Andersa,190,18
730,Firmowy,Bhutan,Zawiercie,Pomorska,49/86,75
731,Firmowy,Republic of the Congo,Ostrów Wielkopolski,Odrzańska,57,56
732,Mieszkalny,Indonesia,Żory,Ogrodowa,78,69
733,Mieszkalny,Tonga,Zawiercie,Plażowa,387,17
734,Firmowy,Djibouti,Oświęcim,Poniatowskiego,58/51,38
735,Mieszkalny,Cape Verde,Iława,Sarnia,505,82
736,Mieszkalny,Germany,Leszno,Szmaragdowa,11/72,3
737,Mieszkalny,Colombia,Biała Podlaska,Lelewela,640,48
738,Mieszkalny,Peru,Brodnica,Okulickiego,08,97
739,Firmowy,Brazil,Kraśnik,Gałczynskiego,99/85,83
740,Firmowy,Brazil,Piastów,Boczna,286,100
741,Mieszkalny,Guinea,Myszków,Jesienna,10/37,96
742,Firmowy,Hungary,Zambrów,Łanowa,616,64
743,Firmowy,Turkey,Sopot,Nowowiejska,362,4
744,Mieszkalny,Ghana,Piaseczno,Letnia,44/35,57
745,Mieszkalny,Uzbekistan,Oleśnica,Handlowa,596,56
746,Firmowy,Myanmar,Wałcz,Piaskowa,660,80
747,Mieszkalny,Turkmenistan,Piotrków Trybunalski,Daleka,48/08,71
748,Mieszkalny,Marshall Islands,Sopot,Kalinowa,05,56
749,Firmowy,Kyrgyzstan,Legnica,Norwida,04,68
750,Mieszkalny,Morocco,Wodzisław Śląski,Poprzeczna,12/38,55
751,Mieszkalny,Costa Rica,Oława,Pułaskiego,68,11
752,Firmowy,Vietnam,Bełchatów,Odrzańska,832,28
753,Firmowy,Bahrain,Piekary Śląskie,Hallera,895,40
754,Mieszkalny,Mongolia,Bochnia,Waryńskiego,383,22
755,Mieszkalny,Djibouti,Ełk,Górna,176,33
756,Mieszkalny,Zambia,Biała Podlaska,Kreta,27/16,88
757,Mieszkalny,Bahrain,Czechowice-Dziedzice,Jaworowa,38,25
758,Firmowy,Laos,Kraków,Korczaka,114,18
759,Mieszkalny,Rwanda,Nowy Dwór Mazowiecki,Młynarska,630,51
760,Mieszkalny,Algeria,Łomża,Górnicza,348,74
761,Firmowy,South Africa,Czeladź,Srebrna,33/17,81
762,Mieszkalny,Portugal,Zgierz,Hutnicza,21/11,78
763,Firmowy,New Zealand,Gdańsk,Bydgoska,527,19
764,Firmowy,Philippines,Brzeg,Żabia,18/07,18
765,Mieszkalny,Kiribati,Krotoszyn,Borowa,256,96
766,Mieszkalny,Portugal,Kielce,Szafirowa,60/48,63
767,Mieszkalny,Peru,Wejherowo,Żeglarska,64/03,38
768,Firmowy,Portugal,Piaseczno,Kamienna,952,4
769,Mieszkalny,Zambia,Dzierżoniów,Dębowa,046,56
770,Firmowy,Equatorial Guinea,Łowicz,Kopernika,33,85
771,Mieszkalny,Jamaica,Piła,Owocowa,621,63
772,Mieszkalny,Hungary,Ełk,Szeroka,68/54,19
773,Mieszkalny,Ecuador,Opole,Chabrowa,46,44
774,Firmowy,Morocco,Skawina,Wiśniowa,60,89
775,Firmowy,Kenya,Sieradz,Irysowa,198,73
776,Firmowy,Republic of Ireland,Łódź,Cicha,64/55,38
777,Firmowy,Bulgaria,Kołobrzeg,Akacjowa,58,86
778,Firmowy,South Korea,Tczew,Radosna,710,31
779,Firmowy,Bahrain,Gorzów Wielkopolski,Nowa,869,2
780,Firmowy,Bhutan,Ząbki,Chabrowa,321,80
781,Firmowy,Gabon,Chorzów,Mostowa,14/56,39
782,Firmowy,Nepal,Siemianowice Śląskie,Jana Sobieskiego,16/12,22
783,Firmowy,Italy,Mikołów,Dobra,91,75
784,Firmowy,Andorra,Turek,Orkana,04,84
785,Firmowy,Belgium,Koło,Lazurowa,90,34
786,Firmowy,Togo,Biłgoraj,Norwida,51/05,64
787,Firmowy,Costa Rica,Ruda Śląska,Dworska,081,56
788,Mieszkalny,Afghanistan,Wałcz,Norwida,05,82
789,Mieszkalny,Sierra Leone,Lubliniec,Hallera,911,60
790,Mieszkalny,El Salvador,Gorzów Wielkopolski,Gajowa,23/14,26
791,Firmowy,Morocco,Świętochłowice,Narutowicza,06/22,24
792,Firmowy,Philippines,Wyszków,Mała,306,62
793,Firmowy,Cambodia,Goleniów,Pocztowa,10,37
794,Firmowy,Djibouti,Turek,Środkowa,454,93
795,Mieszkalny,Denmark,Jarosław,Szeroka,24,72
796,Mieszkalny,Cyprus,Zakopane,Słowicza,44/56,85
797,Mieszkalny,Vanuatu,Tomaszów Mazowiecki,Głowackiego,65/84,20
798,Mieszkalny,Togo,Legnica,Słowicza,719,87
799,Firmowy,Malta,Koło,Grottgera,098,13
800,Mieszkalny,Barbados,Będzin,Górnicza,233,60
801,Mieszkalny,Marshall Islands,Czeladź,Wróblewskiego,293,35
802,Mieszkalny,United Kingdom,Żory,Wesoła,81,20
803,Mieszkalny,Burkina Faso,Białystok,Mazowiecka,42/52,74
804,Mieszkalny,Australia,Zabrze,Wrocławska,198,17
805,Firmowy,Madagascar,Mińsk Mazowiecki,Hallera,75,38
806,Firmowy,Swaziland,Brodnica,Magnoliowa,40,77
807,Firmowy,North Macedonia,Świdnik,Lotnicza,87,79
808,Firmowy,Samoa,Jelenia Góra,Mazurska,64/57,75
809,Firmowy,Bulgaria,Rzeszów,Południowa,329,22
810,Mieszkalny,Fiji,Zduńska Wola,Krasińskiego,936,36
811,Mieszkalny,Czech Republic,Ełk,Lawendowa,129,77
812,Firmowy,Federated States of Micronesia,Ostróda,Brzechwy,07/80,18
813,Firmowy,Cambodia,Poznań,Prosta,54,49
814,Firmowy,Guatemala,Starachowice,Letniskowa,55/82,23
815,Mieszkalny,Solomon Islands,Konin,Leszczynowa,822,60
816,Mieszkalny,Pakistan,Września,Nadrzeczna,079,17
817,Firmowy,Azerbaijan,Chełm,Chełmońskiego,20/31,19
818,Mieszkalny,Nigeria,Kielce,Kochanowskiego,62/24,36
819,Mieszkalny,Sri Lanka,Bielsko-Biała,Tylna,273,62
820,Mieszkalny,Bhutan,Stalowa Wola,Dworcowa,07/78,66
821,Mieszkalny,Panama,Piaseczno,Powstańców Wielkopolskich,330,83
822,Mieszkalny,Finland,Łowicz,Sucharskiego,69/34,46
823,Mieszkalny,Costa Rica,Racibórz,Jesienna,22,31
824,Mieszkalny,Costa Rica,Jasło,Lipowa,72/14,43
825,Firmowy,Dominican Republic,Lubin,Krokusowa,969,66
826,Firmowy,Kazakhstan,Toruń,Toruńska,949,42
827,Mieszkalny,Angola,Kutno,Cmentarna,859,54
828,Mieszkalny,Sierra Leone,Wołomin,Skłodowskiej-Curie,79/52,27
829,Mieszkalny,Bosnia and Herzegovina,Skarżysko-Kamienna,Orkana,24,29
830,Mieszkalny,Latvia,Kętrzyn,Składowa,84/61,29
831,Mieszkalny,Burkina Faso,Łowicz,Wspólna,24,18
832,Firmowy,CÃ´te d'Ivoire,Ruda Śląska,Kasztanowa,51/37,62
833,Firmowy,Russia,Chojnice,Szarych Szeregów,465,85
834,Mieszkalny,Portugal,Kętrzyn,Jadwigi,43/15,87
835,Mieszkalny,Taiwan,Kołobrzeg,Asnyka,76/12,53
836,Mieszkalny,Federated States of Micronesia,Ełk,Majowa,105,13
837,Firmowy,Comoros,Gdańsk,Topolowa,59/62,87
838,Firmowy,South Africa,Marki,Rzemieślnicza,43/54,20
839,Firmowy,Djibouti,Augustów,Śląska,900,31
840,Mieszkalny,SÃ£o TomÃ© and PrÃ­ncipe,Pszczyna,Cicha,35,49
841,Firmowy,Jordan,Siemianowice Śląskie,Pszenna,559,20
842,Mieszkalny,Kenya,Nowa Ruda,Bolesława Krzywoustego,41,93
843,Firmowy,Germany,Tarnobrzeg,Rynek,65,32
844,Mieszkalny,Colombia,Jarosław,Skośna,596,56
845,Mieszkalny,Sierra Leone,Wodzisław Śląski,Kreta,95,38
846,Mieszkalny,Senegal,Zamość,Cicha,207,74
847,Mieszkalny,South Korea,Głogów,Rybacka,51/07,42
848,Firmowy,Guinea,Dąbrowa Górnicza,Rajska,830,79
849,Mieszkalny,Tajikistan,Nowy Targ,Kasztanowa,180,12
850,Firmowy,SÃ£o TomÃ© and PrÃ­ncipe,Świnoujście,Kaliska,12/05,71
851,Firmowy,Burkina Faso,Jelenia Góra,Bociania,40,31
852,Mieszkalny,Grenada,Augustów,Maczka,92/75,16
853,Mieszkalny,The Gambia,Sieradz,Poznańska,239,49
854,Mieszkalny,Madagascar,Bochnia,Moniuszki,082,95
855,Mieszkalny,Suriname,Gdańsk,Dolna,627,72
856,Mieszkalny,Bahamas,Częstochowa,Jeziorna,42/40,16
857,Firmowy,Panama,Polkowice,Jodłowa,990,60
858,Firmowy,Grenada,Kalisz,Wspólna,73/97,29
859,Mieszkalny,Peru,Jaworzno,Borówkowa,21,10
860,Mieszkalny,Kyrgyzstan,Białystok,Jaworowa,521,21
861,Mieszkalny,Cyprus,Tarnobrzeg,Piękna,69/24,44
862,Mieszkalny,Cape Verde,Nysa,Broniewskiego,78,75
863,Firmowy,Fiji,Gdynia,Tylna,648,52
864,Firmowy,Tuvalu,Pruszcz Gdański,Słoneczna,16,40
865,Firmowy,Greece,Leszno,Andersa,24,28
866,Mieszkalny,Panama,Nowa Ruda,Mickiewicza,63,4
867,Mieszkalny,Saint Vincent and the Grenadines,Zamość,Zapolskiej,81/55,86
868,Firmowy,Grenada,Rzeszów,Wodna,516,44
869,Mieszkalny,Jordan,Skarżysko-Kamienna,Letniskowa,161,22
870,Mieszkalny,Nigeria,Kluczbork,Zaułek,53/05,92
871,Mieszkalny,Bulgaria,Luboń,Ogrodowa,31,26
872,Firmowy,Trinidad and Tobago,Płońsk,Wschodnia,71,35
873,Mieszkalny,Thailand,Będzin,Baczynskiego,707,56
874,Mieszkalny,Uganda,Płońsk,Ciasna,308,78
875,Mieszkalny,Togo,Kutno,Krokusowa,72/74,7
876,Firmowy,Japan,Dzierżoniów,Przemysłowa,610,82
877,Mieszkalny,Cameroon,Ostrowiec Świętokrzyski,Gałczynskiego,831,55
878,Firmowy,Denmark,Nowy Targ,Cmentarna,68,83
879,Firmowy,Slovakia,Tychy,Konwaliowa,95,5
880,Mieszkalny,Russia,Płońsk,Piłsudskiego,46,54
881,Mieszkalny,Moldova,Sieradz,Plater,36/07,77
882,Mieszkalny,Afghanistan,Łaziska Górne,Jasna,41/36,10
883,Mieszkalny,Belgium,Jastrzębie-Zdrój,Rycerska,868,49
884,Mieszkalny,Guinea-Bissau,Katowice,Zielna,882,78
885,Mieszkalny,East Timor,Stargard Szczeciński,Sowia,68,10
886,Mieszkalny,Marshall Islands,Szczecinek,Średnia,10/75,86
887,Firmowy,Montenegro,Nowa Ruda,Jadwigi,27/26,71
888,Firmowy,Serbia,Leszno,Stroma,34/16,23
889,Mieszkalny,Malta,Koło,Andersa,508,74
890,Mieszkalny,Kiribati,Ostrołęka,Jodłowa,70,47
891,Mieszkalny,Niger,Dzierżoniów,Jeżynowa,02,99
892,Firmowy,Bangladesh,Słupsk,Armii Krajowej,845,87
893,Mieszkalny,Ecuador,Gliwice,Dworska,80/09,36
894,Mieszkalny,Guatemala,Grodzisk Mazowiecki,Szczęśliwa,55,11
895,Mieszkalny,Mexico,Chorzów,Daleka,78,94
896,Firmowy,Bangladesh,Gorzów Wielkopolski,Radosna,056,21
897,Firmowy,United Arab Emirates,Chojnice,Witosa,317,71
898,Firmowy,Democratic Republic of the Congo,Ostrołęka,Rzeczna,17/72,98
899,Firmowy,Jordan,Przemyśl,Jana Sobieskiego,124,31
900,Firmowy,Greece,Słupsk,Przechodnia,969,44
901,Firmowy,North Macedonia,Gdynia,Szewska,804,47
902,Firmowy,Cape Verde,Gorlice,Szczęśliwa,33,63
903,Mieszkalny,Egypt,Świdnik,Wschodnia,24,80
904,Firmowy,The Gambia,Dzierżoniów,Stycznia,971,99
905,Firmowy,Mexico,Świebodzice,Chabrowa,839,4
906,Firmowy,Singapore,Mińsk Mazowiecki,Irysowa,33,21
907,Mieszkalny,Vatican City,Jarosław,Kowalska,139,9
908,Firmowy,Nauru,Pruszków,Orzechowa,249,23
909,Firmowy,Serbia,Turek,Prosta,39,39
910,Firmowy,Burundi,Koło,Osiedlowa,247,61
911,Firmowy,Lebanon,Sanok,Tylna,118,58
912,Firmowy,Marshall Islands,Olsztyn,Piwna,30,45
913,Mieszkalny,Myanmar,Mława,Dworska,93/32,78
914,Firmowy,Republic of the Congo,Siemianowice Śląskie,Robotnicza,78,78
915,Mieszkalny,Peru,Gdynia,Ptasia,55/16,30
916,Mieszkalny,United Arab Emirates,Koło,Rolna,65,91
917,Firmowy,Saint Vincent and the Grenadines,Jaworzno,Długosza,529,24
918,Firmowy,Bulgaria,Polkowice,Ptasia,26/00,47
919,Firmowy,Brazil,Stargard Szczeciński,Błękitna,94,36
920,Mieszkalny,Eritrea,Zakopane,Borówkowa,991,30
921,Mieszkalny,Belize,Kościerzyna,Srebrna,88/84,45
922,Mieszkalny,Portugal,Nowa Ruda,Wierzbowa,510,13
923,Mieszkalny,Rwanda,Wałbrzych,Rumiankowa,646,87
924,Firmowy,Brazil,Lublin,Cmentarna,88/74,6
925,Firmowy,Trinidad and Tobago,Tarnobrzeg,Toruńska,792,99
926,Firmowy,Spain,Augustów,Ogrodowa,57,40
927,Firmowy,Ecuador,Bielsko-Biała,Wrzosowa,29,62
928,Firmowy,Bangladesh,Łuków,Willowa,12/55,67
929,Mieszkalny,Turkmenistan,Knurów,Strumykowa,88,53
930,Mieszkalny,Poland,Wołomin,Hallera,78/81,41
931,Firmowy,Senegal,Szczecin,Leszczynowa,95/85,99
932,Firmowy,Liberia,Giżycko,Słonecznikowa,61,80
933,Mieszkalny,Austria,Legnica,Kazimierza Wielkiego,12/73,27
934,Mieszkalny,Kazakhstan,Piekary Śląskie,Bolesława Krzywoustego,22,51
935,Firmowy,East Timor,Świecie,Borówkowa,26/35,67
936,Firmowy,Saint Kitts and Nevis,Świecie,Wypoczynkowa,01/60,91
937,Firmowy,Japan,Kraśnik,Bema,040,92
938,Mieszkalny,Egypt,Ostrów Mazowiecka,Kasprowicza,901,38
939,Firmowy,Armenia,Wrocław,Długa,32,55
940,Mieszkalny,Colombia,Mikołów,Wróblewskiego,429,88
941,Mieszkalny,Republic of the Congo,Biłgoraj,Hutnicza,13,97
942,Mieszkalny,Seychelles,Pruszków,Pułaskiego,03/93,35
943,Firmowy,East Timor,Łódź,Targowa,34,10
944,Firmowy,Solomon Islands,Ełk,Parkowa,811,41
945,Firmowy,Zimbabwe,Tczew,Kraszewskiego,46/01,72
946,Mieszkalny,Estonia,Knurów,Polna,70,85
947,Mieszkalny,Laos,Olsztyn,Częstochowska,79/97,80
948,Firmowy,Federated States of Micronesia,Kielce,Kazimierza Wielkiego,80/76,70
949,Firmowy,Mauritius,Świebodzice,Spółdzielcza,513,59
950,Mieszkalny,Uganda,Gliwice,Jagiellońska,200,29
951,Firmowy,Guatemala,Lublin,Staffa,88,66
952,Mieszkalny,North Korea,Świdnica,Kasztanowa,52/74,37
953,Mieszkalny,Albania,Zgorzelec,Krasińskiego,426,24
954,Mieszkalny,Zimbabwe,Kraśnik,Wesoła,20/21,86
955,Firmowy,Sierra Leone,Świecie,Rubinowa,99,7
956,Mieszkalny,Kyrgyzstan,Knurów,Bolesława Krzywoustego,220,27
957,Firmowy,Burkina Faso,Lubin,Ogrodowa,09/91,73
958,Mieszkalny,Iraq,Elbląg,Klonowa,02,45
959,Mieszkalny,Turkey,Ostrowiec Świętokrzyski,Partyzantów,500,25
960,Firmowy,Burundi,Mielec,Łąkowa,43/04,24
961,Firmowy,Kingdom of the Netherlands,Zabrze,Władysława Jagiełły,34/31,8
962,Firmowy,El Salvador,Jelenia Góra,Opolska,499,89
963,Firmowy,United Arab Emirates,Jastrzębie-Zdrój,Wiązowa,02/76,55
964,Firmowy,Serbia,Wrocław,Bolesława Krzywoustego,98,5
965,Mieszkalny,Romania,Pruszcz Gdański,Jesienna,828,92
966,Mieszkalny,Bahrain,Świdnik,Pułaskiego,44/29,25
967,Firmowy,Chad,Świebodzice,Lawendowa,877,22
968,Mieszkalny,Vanuatu,Lubin,Orla,69/94,41
969,Mieszkalny,Sierra Leone,Sanok,Żeglarska,742,14
970,Mieszkalny,Saint Lucia,Giżycko,Chełmońskiego,629,76
971,Mieszkalny,Bhutan,Biała Podlaska,Srebrna,999,84
972,Firmowy,People's Republic of China,Sanok,Jaśminowa,932,52
973,Firmowy,Saudi Arabia,Gliwice,Piękna,370,28
974,Mieszkalny,Cuba,Jarocin,Sowia,44,78
975,Firmowy,Taiwan,Bydgoszcz,Korfantego,615,95
976,Mieszkalny,Belgium,Reda,Słowicza,56,27
977,Mieszkalny,Mozambique,Ostrołęka,Olchowa,91,92
978,Mieszkalny,Dominica,Ostrów Wielkopolski,Kwiatowa,49/92,53
979,Mieszkalny,Bulgaria,Czechowice-Dziedzice,Brzozowa,03/53,98
980,Firmowy,Barbados,Pabianice,Szarych Szeregów,617,48
981,Firmowy,Iraq,Świdnik,Ściegiennego,11,23
982,Firmowy,Guatemala,Kutno,Reja,849,75
983,Firmowy,North Macedonia,Police,Wolności,89/69,14
984,Mieszkalny,United Kingdom,Szczecinek,Chabrowa,500,65
985,Mieszkalny,Poland,Jawor,Kwiatowa,72,75
986,Firmowy,Nigeria,Zielona Góra,Wysoka,253,58
987,Firmowy,Jamaica,Zgorzelec,Spokojna,77/97,56
988,Mieszkalny,Estonia,Ciechanów,Częstochowska,357,51
989,Firmowy,Kazakhstan,Słupsk,Stycznia,030,75
990,Firmowy,Laos,Świętochłowice,Wieniawskiego,386,4
991,Firmowy,Yemen,Bochnia,Pszenna,76/26,30
992,Firmowy,Mauritania,Kraśnik,Kolonia,75/75,72
993,Mieszkalny,Hungary,Krosno,Akacjowa,51,59
994,Firmowy,Russia,Mława,Reymonta,07,27
995,Mieszkalny,Jordan,Szczecin,Fabryczna,55,19
996,Mieszkalny,Azerbaijan,Mysłowice,Narutowicza,39/01,14
997,Mieszkalny,Comoros,Toruń,Sowia,75/92,43
998,Firmowy,Bosnia and Herzegovina,Lubin,Makuszyńskiego,64/29,48
999,Mieszkalny,Liechtenstein,Szczecin,Zielna,83,19
